age,deceased rate
30s,0.001912046
40s,0.003861004
50s,0.010494753
60s,0.024896266
70s,0.090517241
80s,0.147058824
90s,0.142857143
